{"cameraMode":{"drawMode":0,"name":"Shaded","section":"Shading Mode"},"sceneLighting":false,"audioPlay":false,"sceneViewState":{"m_AlwaysRefresh":false,"showFog":true,"showSkybox":true,"showFlares":false,"showImageEffects":true,"showParticleSystems":true,"showVisualEffectGraphs":true,"m_FxEnabled":true},"in2DMode":false,"pivot":{"x":0.9303956627845764,"y":1.4461501836776734,"z":0.022784415632486345},"rotation":{"x":0.19029514491558076,"y":-0.7061269879341126,"z":0.2067444622516632,"w":0.6499509811401367},"size":5.424745082855225,"orthographic":false}